{"cameraMode":{"drawMode":0,"name":"Shaded","section":"Shading Mode"},"sceneLighting":false,"audioPlay":false,"sceneViewState":{"showFog":true,"showMaterialUpdate":false,"showSkybox":false,"showFlares":true,"showImageEffects":true,"showParticleSystems":true},"in2DMode":false,"pivot":{"x":0.2491827756166458,"y":0.43320679664611819,"z":-5.556026458740234},"rotation":{"x":-0.07519696652889252,"y":0.033497899770736697,"z":-0.0025298940017819406,"w":-0.996620774269104},"size":1.931275486946106,"orthographic":false}